insert into special_events (id, title, slug, greeting, img, img_large, img_big, status, last_exchange_date, id_category) values
(1, 'Tenemos un regalo para ti', 'tenemos-un-regalo-para-ti', '&iexcl;Elige el regalo que m&aacute;s te guste y pasa un cumplea&ntilde;os inolvidable!', 'https://storage.funciton.com/profuturo/disfrutaprofuturo/demo/birthday/img.png', '', 'https://storage.funciton.com/profuturo/disfrutaprofuturo/demo/birthday/big.png', 'enabled', '2020-08-30', 7);

-- ilaria
insert into base_gifts (id, gift_type, store_name, store_img, name, slug, img, img_large, img_big, description, used_stock, total_stock, status, created_at, id_category, id_provider) values
(2, 'gift', 'Ilaria', 'https://storage.funciton.com/profuturo/disfrutaprofuturo/demo/birthday/ilaria.png', 'Porta L&aacute;piz', 'porta-lapiz', 'https://storage.funciton.com/profuturo/disfrutaprofuturo/demo/birthday/portalapiz.png', '', 'https://storage.funciton.com/profuturo/disfrutaprofuturo/demo/birthday/portalapiz_big.png', '', 0, 100, 'enabled', now(), 7, 5);
insert into gifts (id, pre, post, last_exchange_date, disclaimer, id_special_event) values
(2, '<table> <tbody> <tr style="vertical-align: top;vertical-align: text-top;"> <th>-</th> <td>Porta Lápiz en madera y plata peruana 925.</td> </tr> <tr style="vertical-align: top;vertical-align: text-top;"> <th>-</th> <td> Dimensiones: <ul style="padding-left: 30px;"> <li>Alto : 9.5 cm</li> <li>Ancho : 7 cm</li> <li>Profundidad : 7 cm</li>  </ul></td> </tr> <tr style="vertical-align: top;vertical-align: text-top;"> <th>-</th> <td>Servicio de limpieza de manera gratuita y sin fecha límite.</td> </tr> <tr style="vertical-align: top;vertical-align: text-top;"> <th>-</th> <td>Delivery.</td> </tr> </tbody> </table>', 'post', '2020-08-31', 'disclaimer', 1);
insert into base_gifts (id, gift_type, store_name, store_img, name, slug, img, img_large, img_big, description, used_stock, total_stock, status, created_at, id_category, id_provider) values
(3, 'gift', 'Ilaria', 'https://storage.funciton.com/profuturo/disfrutaprofuturo/demo/birthday/ilaria.png', 'Vicu&ntilde;ita Cabeza Arriba', 'vicunita-cabeza-arriba', 'https://storage.funciton.com/profuturo/disfrutaprofuturo/demo/birthday/vicunita.png', '', 'https://storage.funciton.com/profuturo/disfrutaprofuturo/demo/birthday/vicunita_big.png', '', 0, 100, 'enabled', now(), 7, 5);
insert into gifts (id, pre, post, last_exchange_date, disclaimer, id_special_event) values
(3, '<table> <tbody> <tr style="vertical-align: top;vertical-align: text-top;"> <th>-</th> <td>Vicuña en madera y plata peruana 925.</td> </tr> <tr style="vertical-align: top;vertical-align: text-top;"> <th>-</th> <td> Dimensiones: <ul style="padding-left: 30px"> <li>Alto : 14.5 cm</li> <li>Ancho : 2.8 cm</li> <li>Profundidad : 8.5 cm</li> </ul> </td> </tr> <tr style="vertical-align: top;vertical-align: text-top;"> <th>-</th> <td>Servicio de limpieza de manera gratuita y sin fecha límite.</td> </tr> <tr style="vertical-align: top;vertical-align: text-top;"> <th>-</th> <td>Delivery.</td> </tr> </tbody> </table>', 'post', '2020-08-31', 'disclaimer', 1);

-- la crocante
insert into base_gifts (id, gift_type, store_name, store_img, name, slug, img, img_large, img_big, description, used_stock, total_stock, status, created_at, id_category, id_provider) values
(4, 'gift', 'La Crocante', 'https://storage.funciton.com/profuturo/disfrutaprofuturo/demo/birthday/la-crocante.png', 'Cheesecake de blondie', 'cheesecake-de-blondie', 'https://storage.funciton.com/profuturo/disfrutaprofuturo/demo/birthday/cheesecakeblondie.png', '', 'https://storage.funciton.com/profuturo/disfrutaprofuturo/demo/birthday/cheesecakeblondie_big.png', '', 0, 100, 'enabled', now(), 7, 8);
insert into gifts (id, pre, post, last_exchange_date, disclaimer, id_special_event) values
(4, '', '', '2020-08-31', 'disclaimer', 1);
insert into base_gifts (id, gift_type, store_name, store_img, name, slug, img, img_large, img_big, description, used_stock, total_stock, status, created_at, id_category, id_provider) values
(5, 'gift', 'La Crocante', 'https://storage.funciton.com/profuturo/disfrutaprofuturo/demo/birthday/la-crocante.png', 'Cheesecake de chirimoya', 'cheesecake-de-chirimoya', 'https://storage.funciton.com/profuturo/disfrutaprofuturo/demo/birthday/cheesecakechirimoya.png', '', 'https://storage.funciton.com/profuturo/disfrutaprofuturo/demo/birthday/cheesecakechirimoya_big.png', '', 0, 100, 'enabled', now(), 7, 8);
insert into gifts (id, pre, post, last_exchange_date, disclaimer, id_special_event) values
(5, '', '', '2020-08-31', 'disclaimer', 1);

-- la canasteria
insert into base_gifts (id, gift_type, store_name, store_img, name, slug, img, img_large, img_big, description, used_stock, total_stock, status, created_at, id_category, id_provider) values
(6, 'gift', 'La Canaster&iacute;a', 'https://storage.funciton.com/profuturo/disfrutaprofuturo/demo/birthday/la-canasteria.png', 'Juve & Camps', 'juve-camps', 'https://storage.funciton.com/profuturo/disfrutaprofuturo/demo/birthday/juvecamps.png', '', 'https://storage.funciton.com/profuturo/disfrutaprofuturo/demo/birthday/juvecamps_big.png', '', 0, 100, 'enabled', now(), 7, 2);
insert into gifts (id, pre, post, last_exchange_date, disclaimer, id_special_event) values
(6, '<table> <tbody> <tr style="vertical-align: top;vertical-align: text-top;"> <th>-</th> <td>1 Cava Juvé y Camps Reserva de Familia brut nature, España.</td> </tr> <tr style="vertical-align: top;vertical-align: text-top;"> <th>-</th> <td>2 Copa champagne flauta clásica 6 oz Ferrand, Perú.</td> </tr> <tr style="vertical-align: top;vertical-align: text-top;"> <th>-</th> <td>1 Frasco de Cereza dulce en Almíbar Gran Danubio 570 gr. Bulgaria.</td> </tr> <tr style="vertical-align: top;vertical-align: text-top;"> <th>-</th> <td>1 Caja de bombones surtidos "2 Cerritos" Vintage Verde 150 gr. Perú.</td> </tr> <tr style="vertical-align: top;vertical-align: text-top;"> <th>-</th> <td>1 Champagnera cobreado.</td> </tr> </tbody> </table>', '', '2020-08-31', 'disclaimer', 1);
insert into base_gifts (id, gift_type, store_name, store_img, name, slug, img, img_large, img_big, description, used_stock, total_stock, status, created_at, id_category, id_provider) values
(7, 'gift', 'La Canaster&iacute;a', 'https://storage.funciton.com/profuturo/disfrutaprofuturo/demo/birthday/la-canasteria.png', 'Set Pisco Mule', 'set-pisco-mule', 'https://storage.funciton.com/profuturo/disfrutaprofuturo/demo/birthday/piscomule.png', '', 'https://storage.funciton.com/profuturo/disfrutaprofuturo/demo/birthday/piscomule_big.png', '', 0, 100, 'enabled', now(), 7, 2);
insert into gifts (id, pre, post, last_exchange_date, disclaimer, id_special_event) values
(7, '<table> <tbody> <tr style="vertical-align: top;vertical-align: text-top;"> <th>-</th> <td>1 Pisco Portón acholado 500 ml. Perú.</td> </tr> <tr style="vertical-align: top;vertical-align: text-top;"> <th>-</th> <td>4 Ginger beer "Mr. Perkins" bot. 200 ml. Perú.</td> </tr> <tr style="vertical-align: top;vertical-align: text-top;"> <th>-</th> <td>1 Estuche botánico Gin &amp; Tonic"Boticario" 16 gr. Perú.</td> </tr> <tr style="vertical-align: top;vertical-align: text-top;"> <th>-</th> <td>1 Caja de madera c/asas (20.5 x 20.5 x 9.5 cm).</td> </tr> </tbody> </table>', '', '2020-08-31', 'disclaimer', 1);

-- spa westin
insert into base_gifts (id, gift_type, store_name, store_img, name, slug, img, img_large, img_big, description, used_stock, total_stock, status, created_at, id_category, id_provider) values
(8, 'gift', 'Spa Westin', 'https://storage.funciton.com/profuturo/disfrutaprofuturo/demo/birthday/spa-westin.png', 'Wellness', 'wellness', 'https://storage.funciton.com/profuturo/disfrutaprofuturo/demo/birthday/wellness.png', '', 'https://storage.funciton.com/profuturo/disfrutaprofuturo/demo/birthday/wellness_big.png', '', 0, 100, 'enabled', now(), 7, 3);
insert into gifts (id, pre, post, last_exchange_date, disclaimer, id_special_event) values
(8, 'Mini Spa 30 minutos<br>+ Baño de la estación30 minutos.', '', '2020-08-31', 'disclaimer', 1);

-- caudalia
insert into base_gifts (id, gift_type, store_name, store_img, name, slug, img, img_large, img_big, description, used_stock, total_stock, status, created_at, id_category, id_provider) values
(9, 'gift', 'Caudalia', 'https://storage.funciton.com/profuturo/disfrutaprofuturo/demo/birthday/caudalia.png', 'Caudalia Wine Box', 'caudalia-wine-box', 'https://storage.funciton.com/profuturo/disfrutaprofuturo/demo/birthday/winebox.png', '', 'https://storage.funciton.com/profuturo/disfrutaprofuturo/demo/birthday/winebox_big.png', '', 0, 100, 'enabled', now(), 7, 4);
insert into gifts (id, pre, post, last_exchange_date, disclaimer, id_special_event) values
(9, '<table> <tbody> <tr style="vertical-align: top;vertical-align: text-top;"> <th>-</th> <td> 2 vinos del mundo exclusivos, seleccionados por sommeliers.</td> </tr> <tr style="vertical-align: top;vertical-align: text-top;"> <th>-</th> <td> 2 fichas didácticas con información práctica sobre los vinos y consejos de maridaje.</td> </tr> <tr style="vertical-align: top;vertical-align: text-top;"> <th>-</th> <td> Descuentos especiales en la tienda de vinos online www.caudaliabox.com.pe</td> </tr> <tr style="vertical-align: top;vertical-align: text-top;"> <th>-</th> <td> Descuentos para participar a degustaciones de vinos Caudalia.</td> </tr> <tr style="vertical-align: top;vertical-align: text-top;"> <th>-</th> <td> Beneficio de Corcho Libre con las botellas Caudalia en una selección de restaurantes gourmet (la lista actualizada de restaurantes se encuentra en la box y en el blog de la web de Caudalia www.caudaliabox.com.pe).</td> </tr> </tbody> </table>', '', '2020-08-31', 'disclaimer', 1);

-- big box
insert into base_gifts (id, gift_type, store_name, store_img, name, slug, img, img_large, img_big, description, used_stock, total_stock, status, created_at, id_category, id_provider) values
(10, 'gift', 'Big Box', 'https://storage.funciton.com/profuturo/disfrutaprofuturo/demo/birthday/bigbox.png', 'Petit Gourmet', 'petit-gourmet', 'https://storage.funciton.com/profuturo/disfrutaprofuturo/demo/birthday/petitgourmet.png', '', 'https://storage.funciton.com/profuturo/disfrutaprofuturo/demo/birthday/petitgourmet_big.png', '', 0, 100, 'enabled', now(), 7, 1);
insert into gifts (id, pre, post, last_exchange_date, disclaimer, id_special_event) values
(10, 'LISTA DE RESTAURANTES', '', '2020-08-31', 'Las experiencias de BigBox se actualizan en este portal cada 6 meses. Para conocer las experiencias vigentes, por favor visita <a href="http://www.bigbox.com.pe" target="_blank">www.bigbox.com.pe</a>', 1);


-------------------------------------------------------------------------------


insert into special_events (id, title, slug, greeting, img, img_large, img_big, status, last_exchange_date, id_category) values
(2, '&iexcl;Bienvenido a Profuturo!', 'bienvenido-a-profuturo', '&iexcl;Elige el regalo que m&aacute;s te guste y empieza a disfrutar de este y otros beneficios!', 'https://storage.funciton.com/profuturo/disfrutaprofuturo/demo/birthday/img.png', '', 'https://storage.funciton.com/profuturo/disfrutaprofuturo/demo/birthday/big.png', 'enabled', '2020-08-15', 7);

-- bigbox
insert into base_gifts (id, gift_type, store_name, store_img, name, slug, img, img_large, img_big, description, used_stock, total_stock, status, created_at, id_category, id_provider) values
(11, 'gift', 'Big Box', 'https://storage.funciton.com/profuturo/disfrutaprofuturo/demo/birthday/bigbox.png', 'Box Relax', 'box-relax', 'https://storage.funciton.com/profuturo/disfrutaprofuturo/demo/birthday/box-relax.png', '', 'https://storage.funciton.com/profuturo/disfrutaprofuturo/demo/birthday/box-relax_big.png', '', 0, 100, 'enabled', now(), 7, 1);
insert into gifts (id, pre, post, last_exchange_date, disclaimer, id_special_event) values
(11, 'LISTA DE LOCALES', '', '2020-08-31', 'Las experiencias de BigBox se actualizan en este portal cada 6 meses. Para conocer las experiencias vigentes, por favor visita <a href="http://www.bigbox.com.pe" target="_blank">www.bigbox.com.pe</a>', 2);

-- la canasteria
insert into base_gifts (id, gift_type, store_name, store_img, name, slug, img, img_large, img_big, description, used_stock, total_stock, status, created_at, id_category, id_provider) values
(12, 'gift', 'La Canaster&iacute;a', 'https://storage.funciton.com/profuturo/disfrutaprofuturo/demo/birthday/la-canasteria.png', 'Quesera Chento', 'quesera-chento', 'https://storage.funciton.com/profuturo/disfrutaprofuturo/demo/birthday/quesera-chento.png', '', 'https://storage.funciton.com/profuturo/disfrutaprofuturo/demo/birthday/quesera-chento_big.png', '', 0, 100, 'enabled', now(), 7, 2);
insert into gifts (id, pre, post, last_exchange_date, disclaimer, id_special_event) values
(12, '<table> <tbody> <tr style="vertical-align: top;vertical-align: text-top;"> <th>-</th> <td>1 Vino tinto Chento Malbec 2017. Argentina</td> </tr> <tr style="vertical-align: top;vertical-align: text-top;"> <th>-</th> <td>1 Frasco de aceite de oliva XV Santoliv 250ml. Per&uacute;</td> </tr> <tr> <th>-</th> <td>1 Queso manchego La Jaraba 200g. Espa&ntilde;a</td> </tr> <tr> <th>-</th> <td>1 Frasco molinillo sal de maras con blend de pimientas Santolivo 85g. Per&uacute;</td> </tr> <tr> <th>-</th> <td>1 Chorizo Ib&eacute;rico Villar 200g. Espa&ntilde;a</td> </tr> <tr> <th>-</th> <td>1 Estuche de galleta de queso gouda Mix Noble 240g. B&eacute;lgica</td> </tr> <tr> <th>-</th> <td>1 Tabla de m&aacute;rmol 33x18cm</td> </tr> </tbody> </table>', '', '2020-08-31', 'ENV&Iacute;OS SOLO EN LIMA METROPOLITANA: Barranco, Chorrillos, Surquillo, Miraflores, San Isidro, Lince, Magdalena Del Mar, Santiago De Surco, Jes&uacute;s Mar&iacute;a, La Victoria, Pueblo Libre, San Borja, San Miguel, Villa El Salvador, San Luis, Bre&ntilde;a, Cercado De Lima, La Molina, Rímac, Ate, Callao-Aeropuerto-La Punta, El Agustino, Los Olivos, San Juan De Miraflores, San Mart&iacute;n De Porres, Santa Anita, Villa María Del Triunfo, Comas, Independencia.', 2);

insert into base_gifts (id, gift_type, store_name, store_img, name, slug, img, img_large, img_big, description, used_stock, total_stock, status, created_at, id_category, id_provider) values
(13, 'gift', 'La Canaster&iacute;a', 'https://storage.funciton.com/profuturo/disfrutaprofuturo/demo/birthday/la-canasteria.png', 'Gin Tonic Bombay', 'gin-tonic-bombay', 'https://storage.funciton.com/profuturo/disfrutaprofuturo/demo/birthday/gintonic-bombay.png', '', 'https://storage.funciton.com/profuturo/disfrutaprofuturo/demo/birthday/gintonic-bombay_big.png', '', 0, 100, 'enabled', now(), 7, 2);
insert into gifts (id, pre, post, last_exchange_date, disclaimer, id_special_event) values
(13, '<table> <tbody> <tr style="vertical-align: top;vertical-align: text-top;"> <th>-</th> <td>1 Gin Bombay Sapphire. Inglaterra</td> </tr> <tr style="vertical-align: top;vertical-align: text-top;"> <th>-</th> <td>3 Agua tónica "Mr. Perkins". 200ml. Perú</td> </tr> <tr> <th>-</th> <td>2 Copa Gin &amp; Tónic Spiegelau. Alemania</td> </tr> <tr> <th>-</th> <td>1 Estuche botánico Gin &amp; Tonic "Go Barman". Perú</td> </tr> <tr> <th>-</th> <td>1 Pinza para hielo semi cobreado</td> </tr> <tr> <th>-</th> <td>1 Hielera cobreada martillada</td> </tr> <tr> <th>-</th> <td>1 Doble medidor cobreado liso</td> </tr> <tr> <th>-</th> <td>1 Bandeja rústica de vidrio 37 x 20 cm color negro</td> </tr> </tbody> </table>', '', '2020-08-31', 'ENV&Iacute;OS SOLO EN LIMA METROPOLITANA: Barranco, Chorrillos, Surquillo, Miraflores, San Isidro, Lince, Magdalena Del Mar, Santiago De Surco, Jes&uacute;s Mar&iacute;a, La Victoria, Pueblo Libre, San Borja, San Miguel, Villa El Salvador, San Luis, Bre&ntilde;a, Cercado De Lima, La Molina, Rímac, Ate, Callao-Aeropuerto-La Punta, El Agustino, Los Olivos, San Juan De Miraflores, San Mart&iacute;n De Porres, Santa Anita, Villa María Del Triunfo, Comas, Independencia.', 2);
